                  epoch,         train/box_loss,         train/cls_loss,         train/dfl_loss,   metrics/precision(B),      metrics/recall(B),       metrics/mAP50(B),    metrics/mAP50-95(B),           val/box_loss,           val/cls_loss,           val/dfl_loss,                 lr/pg0,                 lr/pg1,                 lr/pg2
                      1,                 1.6672,                 3.7184,                 1.9268,                0.00707,                0.71477,                0.15991,                0.09745,                 1.3361,                    3.9,                 1.7731,                0.00015,                0.00015,                0.00015
                      2,                 1.4414,                 2.8436,                 1.7007,                0.02644,                 0.7709,                0.21363,                0.14218,                 1.2831,                 3.4482,                 1.6724,             0.00024862,             0.00024862,             0.00024862
                      3,                 1.3682,                  2.348,                 1.6533,                0.02977,                0.80946,                 0.2031,                0.10827,                 1.4577,                 3.2186,                 1.8435,             0.00028388,             0.00028388,             0.00028388
                      4,                 1.3317,                 2.0867,                 1.6013,                0.81064,                0.24877,                0.30006,                0.20634,                 1.3003,                 2.6625,                 1.6282,             0.00025578,             0.00025578,             0.00025578
                      5,                 1.3117,                 1.9268,                 1.5541,                0.60833,                0.51055,                0.33476,                0.24075,                 1.2526,                 2.2602,                 1.5787,             0.00016432,             0.00016432,             0.00016432
